--
-- PostgreSQL database dump
--

\restrict FjnUUnSszqq2YXRx4UcoW8bZPQVgcbDF252mQQOiPJqit23ene6xMTey3sQCNaZ

-- Dumped from database version 16.11 (Debian 16.11-1.pgdg13+1)
-- Dumped by pg_dump version 16.11 (Ubuntu 16.11-0ubuntu0.24.04.1)

SET statement_timeout = 0;
SET lock_timeout = 0;
SET idle_in_transaction_session_timeout = 0;
SET client_encoding = 'UTF8';
SET standard_conforming_strings = on;
SELECT pg_catalog.set_config('search_path', '', false);
SET check_function_bodies = false;
SET xmloption = content;
SET client_min_messages = warning;
SET row_security = off;

SET default_tablespace = '';

SET default_table_access_method = heap;

--
-- Name: cliente; Type: TABLE; Schema: public; Owner: bankuser
--

CREATE TABLE public.cliente (
    client_id character varying(255),
    estado boolean,
    password character varying(255),
    id bigint NOT NULL
);


ALTER TABLE public.cliente OWNER TO bankuser;

--
-- Name: cuenta; Type: TABLE; Schema: public; Owner: bankuser
--

CREATE TABLE public.cuenta (
    cuenta_id bigint NOT NULL,
    estado boolean,
    numero_cuenta character varying(255),
    saldo_inicial numeric(38,2),
    tipo_cuenta character varying(255),
    cliente_id bigint,
    CONSTRAINT cuenta_tipo_cuenta_check CHECK (((tipo_cuenta)::text = ANY ((ARRAY['AHORROS'::character varying, 'CORRIENTE'::character varying])::text[])))
);


ALTER TABLE public.cuenta OWNER TO bankuser;

--
-- Name: cuenta_cuenta_id_seq; Type: SEQUENCE; Schema: public; Owner: bankuser
--

ALTER TABLE public.cuenta ALTER COLUMN cuenta_id ADD GENERATED BY DEFAULT AS IDENTITY (
    SEQUENCE NAME public.cuenta_cuenta_id_seq
    START WITH 1
    INCREMENT BY 1
    NO MINVALUE
    NO MAXVALUE
    CACHE 1
);


--
-- Name: movimiento; Type: TABLE; Schema: public; Owner: bankuser
--

CREATE TABLE public.movimiento (
    id bigint NOT NULL,
    fecha date,
    saldo numeric(38,2),
    tipo_movimiento character varying(255),
    valor numeric(38,2),
    cuenta_id bigint,
    CONSTRAINT movimiento_tipo_movimiento_check CHECK (((tipo_movimiento)::text = ANY ((ARRAY['RETIRO'::character varying, 'DEPOSITO'::character varying])::text[])))
);


ALTER TABLE public.movimiento OWNER TO bankuser;

--
-- Name: movimiento_id_seq; Type: SEQUENCE; Schema: public; Owner: bankuser
--

ALTER TABLE public.movimiento ALTER COLUMN id ADD GENERATED BY DEFAULT AS IDENTITY (
    SEQUENCE NAME public.movimiento_id_seq
    START WITH 1
    INCREMENT BY 1
    NO MINVALUE
    NO MAXVALUE
    CACHE 1
);


--
-- Name: persona; Type: TABLE; Schema: public; Owner: bankuser
--

CREATE TABLE public.persona (
    id bigint NOT NULL,
    direccion character varying(255) NOT NULL,
    edad integer,
    genero character varying(255) NOT NULL,
    identificacion character varying(255) NOT NULL,
    nombre character varying(255) NOT NULL,
    telefono character varying(255) NOT NULL,
    CONSTRAINT persona_edad_check CHECK (((edad >= 0) AND (edad <= 100)))
);


ALTER TABLE public.persona OWNER TO bankuser;

--
-- Name: persona_id_seq; Type: SEQUENCE; Schema: public; Owner: bankuser
--

ALTER TABLE public.persona ALTER COLUMN id ADD GENERATED BY DEFAULT AS IDENTITY (
    SEQUENCE NAME public.persona_id_seq
    START WITH 1
    INCREMENT BY 1
    NO MINVALUE
    NO MAXVALUE
    CACHE 1
);


--
-- Data for Name: cliente; Type: TABLE DATA; Schema: public; Owner: bankuser
--

INSERT INTO public.cliente VALUES ('CL-000001', true, '$2a$10$z2.zIPIxp42ntrcwNnYI8uoQqltqhKmDFHGBHySmwIMl6qObf5zhe', 1);
INSERT INTO public.cliente VALUES ('CL-000002', true, '$2a$10$tRLa5BGiV7ewwFypThvYNumSBctlOZQtcVFrOeNORIpi/VfzDxZ72', 2);
INSERT INTO public.cliente VALUES ('CL-000003', true, '$2a$10$LRis7ALZY1pU6TwPrf85q.QWnDTSvezCq3HjIm7bJO/gpu1FBKEBq', 3);


--
-- Data for Name: cuenta; Type: TABLE DATA; Schema: public; Owner: bankuser
--

INSERT INTO public.cuenta VALUES (5, true, '585545', 1000.00, 'CORRIENTE', 1);
INSERT INTO public.cuenta VALUES (1, true, '478758', 1425.00, 'AHORROS', 1);
INSERT INTO public.cuenta VALUES (2, true, '225487', 700.00, 'CORRIENTE', 2);
INSERT INTO public.cuenta VALUES (3, true, '495878', 150.00, 'AHORROS', 3);
INSERT INTO public.cuenta VALUES (4, true, '496825', 0.00, 'AHORROS', 2);


--
-- Data for Name: movimiento; Type: TABLE DATA; Schema: public; Owner: bankuser
--

INSERT INTO public.movimiento VALUES (1, '2026-01-14', 1425.00, 'RETIRO', -575.00, 1);
INSERT INTO public.movimiento VALUES (3, '2026-01-14', 150.00, 'DEPOSITO', 150.00, 3);
INSERT INTO public.movimiento VALUES (2, '2022-02-10', 700.00, 'DEPOSITO', 600.00, 2);
INSERT INTO public.movimiento VALUES (4, '2022-02-08', 0.00, 'RETIRO', -540.00, 4);


--
-- Data for Name: persona; Type: TABLE DATA; Schema: public; Owner: bankuser
--

INSERT INTO public.persona VALUES (1, 'Otavalo sn y principal', 23, 'M', '1725069908', 'Jose Lema', '098254785');
INSERT INTO public.persona VALUES (2, 'Amazonas y NNUU', 34, 'F', '1102233445', 'Marianela Montalvo', '097548965');
INSERT INTO public.persona VALUES (3, '13 junio y Equinoccial', 34, 'M', '1727411389', 'Juan Osorio', '098874587');


--
-- Name: cuenta_cuenta_id_seq; Type: SEQUENCE SET; Schema: public; Owner: bankuser
--

SELECT pg_catalog.setval('public.cuenta_cuenta_id_seq', 5, true);


--
-- Name: movimiento_id_seq; Type: SEQUENCE SET; Schema: public; Owner: bankuser
--

SELECT pg_catalog.setval('public.movimiento_id_seq', 4, true);


--
-- Name: persona_id_seq; Type: SEQUENCE SET; Schema: public; Owner: bankuser
--

SELECT pg_catalog.setval('public.persona_id_seq', 3, true);


--
-- Name: cliente cliente_pkey; Type: CONSTRAINT; Schema: public; Owner: bankuser
--

ALTER TABLE ONLY public.cliente
    ADD CONSTRAINT cliente_pkey PRIMARY KEY (id);


--
-- Name: cuenta cuenta_pkey; Type: CONSTRAINT; Schema: public; Owner: bankuser
--

ALTER TABLE ONLY public.cuenta
    ADD CONSTRAINT cuenta_pkey PRIMARY KEY (cuenta_id);


--
-- Name: movimiento movimiento_pkey; Type: CONSTRAINT; Schema: public; Owner: bankuser
--

ALTER TABLE ONLY public.movimiento
    ADD CONSTRAINT movimiento_pkey PRIMARY KEY (id);


--
-- Name: persona persona_pkey; Type: CONSTRAINT; Schema: public; Owner: bankuser
--

ALTER TABLE ONLY public.persona
    ADD CONSTRAINT persona_pkey PRIMARY KEY (id);


--
-- Name: cliente uk3k6to0v3rwqwqpyraa71sjdqs; Type: CONSTRAINT; Schema: public; Owner: bankuser
--

ALTER TABLE ONLY public.cliente
    ADD CONSTRAINT uk3k6to0v3rwqwqpyraa71sjdqs UNIQUE (client_id);


--
-- Name: cuenta ukpj7ncg765kt4klndu25bwbwe4; Type: CONSTRAINT; Schema: public; Owner: bankuser
--

ALTER TABLE ONLY public.cuenta
    ADD CONSTRAINT ukpj7ncg765kt4klndu25bwbwe4 UNIQUE (numero_cuenta);


--
-- Name: persona ukr5vsms84ih2viwd6tatk9o5pq; Type: CONSTRAINT; Schema: public; Owner: bankuser
--

ALTER TABLE ONLY public.persona
    ADD CONSTRAINT ukr5vsms84ih2viwd6tatk9o5pq UNIQUE (identificacion);


--
-- Name: movimiento fk4ea11fe7p3xa1kwwmdgi9f2fi; Type: FK CONSTRAINT; Schema: public; Owner: bankuser
--

ALTER TABLE ONLY public.movimiento
    ADD CONSTRAINT fk4ea11fe7p3xa1kwwmdgi9f2fi FOREIGN KEY (cuenta_id) REFERENCES public.cuenta(cuenta_id);


--
-- Name: cuenta fk4p224uogyy5hmxvn8fwa2jlug; Type: FK CONSTRAINT; Schema: public; Owner: bankuser
--

ALTER TABLE ONLY public.cuenta
    ADD CONSTRAINT fk4p224uogyy5hmxvn8fwa2jlug FOREIGN KEY (cliente_id) REFERENCES public.cliente(id);


--
-- Name: cliente fkkpvkbjg32bso6riqge70hwcel; Type: FK CONSTRAINT; Schema: public; Owner: bankuser
--

ALTER TABLE ONLY public.cliente
    ADD CONSTRAINT fkkpvkbjg32bso6riqge70hwcel FOREIGN KEY (id) REFERENCES public.persona(id);


--
-- PostgreSQL database dump complete
--

\unrestrict FjnUUnSszqq2YXRx4UcoW8bZPQVgcbDF252mQQOiPJqit23ene6xMTey3sQCNaZ

